student_id,name,course_registration_status
2403241277,??? ???? ???? ????,succeeded
2403241986,Kenzy sherif el adry,succeeded
2403242052,Mazen Ahmed Elsayed,succeeded
2403242609,??? ???? ????? ??? ??????,succeeded
2403242984,arwa hamdi ramadan,failed
2403243132,Mohammad Hesham Hassan,succeeded
2403243158,Moun Reda,succeeded
2403243429,Mariam Bahi,succeeded
2403244631,Lina Gamal Mabrouk Yassin,succeeded
2403244639,????? ????? ????? ???? ????? ???,succeeded
2403244673,????? ???? ??? ??????,succeeded
2403244986,Farah Khater,succeeded
2403245000,??? ????? ??????,succeeded
2403245508,Menna Sobhe Muhammed,succeeded
2403246085,Mohamed Ehab AbdElhamed,succeeded
2403247191,Nour Eldin Tarek Mamdouh,succeeded
2403247254,Yahia Tarek,failed
2403247425,??? ???? ???????,succeeded
2403247848,????? ???? ????,succeeded
2403247940,Mariem Gaber Ahmed Mohemmed,succeeded
2403248167,Mohammad Magdy Ibrahim,succeeded
2403249019,???? ???? ??? ?????? ??? ?????,succeeded
2403249307,Fares haytham ragab,succeeded
2403249417,Jana Ehab Saeed Ghonimy,failed
2403249762,???? ???? ????? ??? ??????,succeeded
